{
	"info": {
		"_postman_id": "f61d1586-27c6-4120-a060-48d95efe0e21",
		"name": "Voting MVP",
		"schema": "https://schema.getpostman.com/json/collection/v2.1.0/collection.json"
	},
	"item": [
		{
			"name": "Create Vote",
			"request": {
				"auth": {
					"type": "bearer",
					"bearer": [
						{
							"key": "token",
							"value": "sample token",
							"type": "string"
						}
					]
				},
				"method": "POST",
				"header": [],
				"body": {
					"mode": "raw",
					"raw": "{\r\n    \"contestantId\": \"mv33\",\r\n    \"timestamp\": \"2022-10-04T08:00:00\"\r\n}",
					"options": {
						"raw": {
							"language": "json"
						}
					}
				},
				"url": {
					"raw": "http://localhost:8080/votemvp/api/v1/vote",
					"protocol": "http",
					"host": [
						"localhost"
					],
					"port": "8080",
					"path": [
						"votemvp",
						"api",
						"v1",
						"vote"
					]
				}
			},
			"response": []
		},
		{
			"name": "Get Voting Counts",
			"request": {
				"auth": {
					"type": "bearer",
					"bearer": [
						{
							"key": "token",
							"value": "sample token",
							"type": "string"
						}
					]
				},
				"method": "GET",
				"header": [],
				"url": {
					"raw": "http://localhost:8080/votemvp/api/v1/vote",
					"protocol": "http",
					"host": [
						"localhost"
					],
					"port": "8080",
					"path": [
						"votemvp",
						"api",
						"v1",
						"vote"
					]
				}
			},
			"response": []
		}
	]
}